feature_1,feature_2,feature_3,feature_4,modelling_1,modelling_2,modelling_3,modelling_4
-2.606804,6.33733,1.132621,-0.8146231,-6.913509,-0.6731575,-0.1045468,-1.712888
-6.637611,2.110992,-1.104255,-1.564413,-4.180245,1.810863,2.126013,1.470922
-3.963689,3.81141,-1.471077,-0.705158,-4.712349,1.444336,2.505466,-0.9179286
-6.065581,3.094032,-0.6137263,-1.456432,-5.400203,0.9293594,1.850809,0.07133476
-0.7117008,7.757205,1.469105,-0.2206179,-8.302232,-2.837542,-1.647385,-0.4162545
-3.887762,4.185389,-0.4525571,-0.6620061,-4.095646,-1.558993,-1.111726,-0.9041029
-4.933008,3.453177,0.1024257,0.05052612,-5.050672,-0.257847,-0.9765455,-2.358384
-2.636693,5.417436,0.3068861,-0.3527233,-7.463854,-1.129302,-0.4985293,-0.2576787
-3.345294,3.756035,-1.224411,-0.08295546,-3.91437,-0.4960565,-0.1119075,-0.2597925
-9.503176,-0.6047071,-1.893625,-0.4407331,-2.596026,3.774829,1.302754,-0.9920401
-4.376066,3.718144,-1.799633,-1.339753,-6.242146,0.601797,2.953737,-0.3194421
-2.261194,6.395236,1.14759,0.3957587,-5.820549,-2.075916,-2.46589,0.3862649
-5.368026,0.3157777,-0.6931828,0.5373216,-2.083802,2.40547,-0.5631371,-1.528536
-3.716097,2.368006,0.07399198,1.367972,-3.292353,-0.01952409,-1.587867,-0.4079496
-10.14691,-2.017893,-1.827304,0.2701309,0.1604347,3.898028,-0.09521063,-0.545586
-8.512373,2.517071,0.8415902,0.3605249,-4.836819,2.421714,-0.1583422,-1.017089
-8.545118,-1.999341,0.41406,0.003929505,-3.598257,5.363906,0.8744101,0.04223521
-8.218525,0.2571335,0.8807486,-0.9561517,-4.973342,2.643559,2.029161,0.4750617
-8.294203,2.436698,-1.648007,-0.8630592,-4.019621,1.836122,2.971369,1.479385
-2.012877,7.403233,1.34808,0.5804198,-6.400177,-2.583358,-2.528353,0.2450074
-5.510716,2.1534,0.8729711,2.115516,-2.19723,1.531476,-2.593371,-0.001527882
-5.56902,1.319439,2.380244,1.739534,-3.239667,2.716858,-1.943332,0.6205156
-2.657745,4.55588,0.4431308,2.319868,-2.489195,-0.8509362,-1.066479,0.6581365
-9.950274,-0.3785593,0.3777448,-0.3731753,-3.870271,4.324365,0.8277401,-1.540457
-6.290107,3.73612,1.130724,0.6091561,-6.763458,1.805142,-0.5055171,-1.391388
-8.629247,-0.3125374,0.7488768,-0.6698375,-3.605404,2.54884,1.041878,0.5728788
-6.984087,3.814965,-2.772393,-0.03878981,-6.339508,0.1682001,4.402786,-0.7201481
-2.184954,3.690145,0.8649749,1.618761,-5.101924,0.3325491,-1.999029,-0.4807182
-2.413167,6.139575,1.526355,1.535419,-4.879426,-1.314455,-2.079158,0.08509489
-1.480124,8.085801,0.8728622,0.4785919,-8.293563,-1.789466,-2.233483,0.9025046
-0.5692874,8.68398,1.719604,0.6255383,-7.096127,-1.836688,-2.232705,0.7409655
-6.947004,1.278047,-0.773859,2.27469,-0.9147177,4.041537,-1.127838,-2.296894
-6.929169,-0.3068745,1.653399,1.128982,-1.127874,3.174014,-1.894939,0.3714957
-5.680363,1.133429,-2.442575,0.6668117,-0.1959612,1.179491,0.4874209,-1.981254
-6.306076,2.368528,-2.353728,-0.2867393,-3.005083,1.51062,0.1449639,-0.6403267
-8.384153,-0.9638171,-0.6466386,0.9755812,-1.0709,4.79648,-1.610332,0.004328218
-11.79125,-2.505627,-1.852621,-0.1698536,-0.1702689,5.111942,-0.1564846,-0.952401
-8.104599,-1.33218,-2.214173,0.7701435,1.037034,3.915303,-0.04489929,1.050575
-7.478183,-0.1103782,-2.944981,0.6099869,-1.477072,2.320863,0.3166184,-0.9395321
-9.347589,0.3196097,-1.489618,-0.6679906,-3.076693,2.114865,2.632792,-0.4915759
-13.17941,-2.22069,1.006039,0.1903128,-1.706115,7.533504,-1.729495,-0.3975441
-11.65537,-3.8631,1.738523,-0.6575791,-1.871774,6.530596,-1.0909,0.5412493
-9.314817,-1.368236,-1.94219,-1.4135,-1.027851,4.251557,3.357925,1.447299
-7.779554,0.7566752,-0.8824282,-0.8123894,-3.715328,1.899053,1.935482,1.121779
-8.006269,-0.2570058,0.009340118,-0.8968022,-3.323031,2.835093,1.510958,-0.6387026
-6.433286,1.852414,-0.139956,-1.490975,-4.601839,0.3513242,2.147881,0.9698814
-12.16222,-2.57724,-0.9776234,0.4600335,-0.9377962,6.192747,-0.7052416,0.0913507
-11.08658,-3.289354,-0.9851199,-1.336525,-1.01343,6.653121,1.225868,0.5128648
-4.040551,5.896351,0.9121137,0.1436126,-6.28381,-1.653525,-2.200109,0.4682131
-3.16489,5.114585,-1.211223,-1.089596,-5.318578,-1.864281,-0.4216998,1.485216
-4.073244,4.154449,-0.6604,-1.577483,-7.555101,-0.7962003,0.8875272,-0.5129163
-5.530824,2.693454,-0.2091028,-1.987471,-6.515925,0.7314366,1.774931,0.7749783
-6.061856,2.409164,0.4362503,-1.977665,-7.281682,1.204545,1.742414,1.93106
-13.4955,-4.500341,1.352998,0.8008759,-0.4008728,7.942208,-2.226419,0.8953457
-11.54923,-1.669444,0.01955365,-0.2876829,-0.9689976,5.803833,-1.308312,-0.5383561
-8.866348,0.1125549,0.7500593,2.137718,-2.226472,7.370577,-2.916111,-0.03148174
-9.639533,0.6825192,-1.745951,1.321119,-1.260684,5.801389,0.1893247,0.1870352
-9.511259,-0.571032,1.315187,2.06922,-2.902436,6.259211,-2.355344,-0.255148
-10.25991,-2.056044,2.811391,1.357815,-2.293997,7.23878,-2.362802,2.657906
-0.2541971,8.011811,1.403121,-0.6636708,-6.508023,-1.509979,-0.1289957,-0.4842275
-1.448687,6.940046,1.602084,0.1145944,-8.122946,-0.8396252,-2.069553,0.9728478
-7.540947,1.933479,-0.6973712,0.1126551,-2.242989,2.88191,-1.051562,-1.399341
-7.083047,2.469816,-1.913523,-0.3381726,-3.331288,1.561477,-0.4442793,-0.4835485
-10.77258,-1.895891,-0.3748438,0.6294311,-0.5598776,6.813104,-1.581042,-1.666695
-7.895833,2.4516,0.8720481,0.2260708,-4.96773,2.683221,0.208486,-0.5853132
-3.845427,4.91763,-2.239595,0.2837627,-5.427358,-1.310978,0.5788274,-0.2179884
-4.166159,5.019096,-2.750022,-0.486472,-8.027254,-1.853618,1.256375,0.2570492
-6.334639,2.358601,-1.184489,0.4320731,-3.665083,2.207263,-1.050949,-0.8332744
-3.083805,5.469884,0.1481161,0.941635,-4.291323,-0.6013916,-1.153719,0.9454083
-2.270553,6.769505,0.9880314,0.721595,-4.506731,-1.788449,-1.673489,-0.7733784
-3.061961,5.509528,1.688095,-0.3698537,-6.507936,-1.015462,-0.605283,-1.3234
-1.761721,4.187039,-0.007802679,-2.665235,-7.258675,-1.143406,-0.03683648,0.5559536
-2.994546,4.154579,0.1218651,-2.029931,-6.417679,-0.8632099,-0.4169335,0.5059893
-3.919944,4.48185,0.8605087,-1.102176,-6.650681,-0.1426855,-0.4367344,1.742013
-5.295978,3.153669,0.165511,-1.908069,-6.455052,-1.180381,0.7808006,1.404069
-3.24377,6.132627,1.225325,-0.4872706,-6.273278,-1.086618,-0.1455614,1.610921
-4.838361,3.965475,0.9407056,-1.192476,-7.136011,-0.4174066,0.9361594,0.1453066
-5.053959,2.876884,0.7364718,-2.316707,-7.915669,-0.4515194,0.6049171,1.085262
-7.865523,-0.7407521,-2.71087,0.3417418,1.075773,2.31488,-0.4143235,0.05874048
-6.813477,2.385488,-2.523038,0.2033839,-2.879689,0.3036598,-0.04953754,-1.301835
-6.368551,4.17319,-3.299641,0.4152809,-3.960472,-0.4387032,1.385657,-0.7981246
-3.399561,4.357758,-0.0472265,-0.4636698,-5.510907,-1.357956,-0.5466438,1.137013
-2.315286,4.446999,0.2873091,-1.179238,-6.346158,-1.649102,0.3322422,-0.01741709
-8.085368,2.305934,-1.096132,0.6754814,-2.974183,3.891819,0.0479689,-1.016501
-5.385576,2.164431,-1.470538,0.2505538,-2.239359,1.833007,-0.737069,0.3751085
-5.076325,4.636588,-1.949082,0.9708278,-3.961115,-1.010696,-0.2341266,-1.082883
-6.647824,1.938078,-3.464456,0.2491077,-3.810117,0.5616204,0.7993485,-2.008303
-8.479919,1.650368,-2.360577,-0.5255181,-3.024457,3.052304,2.440501,-0.9891531
-13.63773,-3.358321,0.6661356,-1.439139,-0.8352495,7.847883,0.4746743,1.785643
-12.42934,-4.566498,2.535136,-1.137206,0.5285884,8.658548,-0.1855734,1.061421
-14.23859,-5.099863,1.950896,0.3041681,-0.7856289,7.310102,0.03206533,0.5924427
-7.688754,-2.979346,-1.081416,-1.549935,-2.12513,4.607897,1.349369,1.075077
-11.04331,-2.742471,-0.07639717,-0.1196738,-0.3678339,5.089212,2.350543,-1.103516
-13.25507,-5.640249,3.181622,1.142142,-0.6841453,9.229838,-0.9696411,-0.2030161
-12.83916,-0.7729044,-1.654452,-1.575858,-2.233809,7.330776,1.769263,0.9075875
-14.56018,-4.08442,1.737425,-1.460115,-1.225171,8.846752,-1.802855,1.436827
-12.27909,-0.02737574,-0.6485198,-0.6437064,-0.9096115,6.207572,0.9846444,-0.4892072
-6.677708,-3.592167,1.112015,0.223349,-1.884131,5.232908,-0.1284745,-1.494442
-8.912939,-3.4,1.607583,1.275096,-2.012479,5.535489,0.9133667,-0.5606762
-12.25244,-4.343092,1.411874,-0.6783227,-0.2709833,7.84702,-1.471877,0.5703175
-2.208879,6.616576,1.283881,-0.3996927,-7.076286,-2.031016,-0.6862284,-0.4174029
-6.223768,1.446433,-0.2644838,-0.5844052,-5.94886,2.061294,2.451106,1.685431
-3.146655,3.427455,-0.9398723,-0.7925221,-5.412379,-1.53861,1.743626,1.498044
1.116533,7.239454,1.273027,-1.191019,-7.256269,-4.057566,0.2769125,0.6560102
-0.9245109,5.311386,0.3009286,0.6502759,-6.011196,-3.197011,-0.9117323,-0.6393856
-1.025965,5.166584,1.011978,0.8718695,-4.829466,-3.097199,-2.058852,-1.29998
-5.308528,1.703985,-0.5582368,-0.9196233,-5.236626,0.5941395,2.190631,0.4697894
-4.177142,3.176923,-0.9525004,-0.5200455,-6.097078,0.08300199,2.313358,0.3433909
-0.7830256,5.594903,1.0654,0.3457286,-5.92482,-3.75248,-0.7979897,-1.548665
0.4222073,6.461437,0.5380626,-0.4042228,-7.759902,-4.634233,-0.5245836,-0.8559659
0.04314624,8.128624,0.536755,-0.3002244,-8.415589,-4.143632,-0.1118281,1.309001
-4.2315,2.564244,0.9137727,2.350152,-4.400525,1.620354,-0.4097411,0.5126681
-2.157251,4.220046,1.091511,2.438133,-4.412913,-2.032661,-2.011226,0.384834
-0.6709975,8.26932,0.9168957,-0.05746505,-9.008496,-2.787407,-1.962822,-0.1263313
-6.301683,-0.9457371,-0.9103929,2.296465,-0.108866,3.396079,-0.3186064,-2.324894
-7.762976,-1.018274,-1.922564,-0.6622201,-1.692113,3.816206,0.447253,-0.8313994
-6.289902,3.429227,0.499138,0.06648342,-4.754476,0.9207551,0.6934867,-2.055348
-7.014374,-2.283194,1.154565,0.4179277,-3.681175,4.772941,-0.5501202,-1.397691
-8.774896,-0.6756995,1.153872,-0.1261394,-3.396684,2.049676,-0.5242926,-2.510597
-7.596723,2.223502,-1.369743,0.04347565,-5.663468,0.8367206,1.68801,-0.6906499
-0.5378547,7.076514,0.4454469,0.02236005,-8.795411,-3.74977,0.03044092,0.6964402
-2.762449,4.8664,0.7765462,2.961923,-2.786322,-1.688784,-1.780826,-1.579944
-2.601711,6.377933,0.8900834,0.5443777,-7.035223,-0.9574029,-1.458419,-1.997612
-2.05406,3.814553,1.712805,2.621042,-3.53646,-0.7023605,-2.309776,0.1498729
-9.321669,-0.5628853,0.9135664,0.0463801,-4.174855,3.687013,-0.4423199,-0.9462686
-7.801059,0.5941051,-1.649789,1.154149,-0.6182237,2.760656,-0.1004329,-1.3764
-1.452558,6.163039,1.230411,1.371475,-7.324894,-2.843412,-2.188816,-0.9448935
-2.129561,3.623374,0.07185584,2.075919,-2.38706,-1.360359,-0.3817172,-2.383023
-6.300432,0.3418218,-1.98329,2.225677,-2.457083,1.046459,0.1886324,-2.092747
-8.71878,0.1655882,-0.250282,-0.05145126,-4.081427,2.536173,1.169685,0.2046161
-12.23263,-0.2775058,-0.2804114,-0.8113782,-1.773242,6.267974,-1.446345,-1.023915
-11.66341,-4.196445,2.252947,0.03767127,-1.638698,6.001873,-1.167172,-0.2067623
-10.98085,-0.5780302,-0.9459529,-0.251243,-4.051987,4.15167,2.293166,-0.09232537
-8.413857,-0.1381513,-0.03845512,0.07810815,-4.03253,3.294011,2.516441,0.6541506
-8.446648,-1.381135,0.8075972,-0.101241,-4.307651,4.480334,0.454462,-0.7145381
-5.4154,2.13388,0.08242839,-1.061212,-6.828772,-1.032452,1.386552,1.057276
-7.109973,0.9018673,0.131001,-0.7475364,-6.482839,3.039928,2.047489,0.825522
-10.51191,-1.941962,-1.143316,-1.075412,-1.791157,5.636672,0.6090762,-0.9502493
0.7382886,6.748045,1.412371,-1.808036,-6.225719,-4.134634,-0.2225366,0.4403334
0.3789377,4.623653,-1.511821,-1.815989,-6.504306,-5.059222,1.130672,1.709964
-3.468501,4.023715,-0.4702508,-1.12399,-5.844044,-1.05209,1.826793,-0.3220494
-7.472652,0.6336696,0.8836805,-0.4485754,-4.539863,1.884844,0.741234,-0.4911756
-4.677266,2.297663,0.4693947,-1.201008,-7.046263,0.8232673,1.428117,1.854816
-9.369809,-0.6555555,0.809159,0.8950444,-2.333758,4.943494,-1.9142,0.6488321
-11.86156,-0.6129265,-0.5722277,-0.7816533,-1.139982,7.376284,0.9756427,0.9798639
-14.10495,-3.827256,1.551394,-0.2667247,-1.230116,9.311441,-2.685588,3.760044
-11.70032,0.240149,-0.2139356,-0.9579858,-1.49962,5.870006,-1.078316,-1.825148
-8.364149,-0.8073363,2.457365,1.455068,-1.755086,5.421266,-1.300432,1.000762
-5.101102,1.885237,0.2040198,0.9477637,-2.707283,0.2039997,-0.4240082,1.827016
-6.361396,1.959832,1.552812,2.210219,-3.308378,2.265098,-1.752851,1.962996
-4.863995,2.117368,1.891878,1.592686,-2.498388,2.35093,-0.9019139,2.390868
-0.280449,7.796899,1.369452,-0.1196815,-7.80344,-3.800111,-1.163291,-0.07767114
0.01739625,7.136151,1.898281,-0.4835456,-7.718102,-4.604415,-2.90668,0.4236945
-3.731981,2.908023,0.1513778,1.80182,-2.981907,-0.9538575,-1.306816,-2.344224
-10.42334,-0.2902453,-1.236659,0.1024017,-1.336133,3.315589,-0.2815199,-0.4988506
-5.23737,0.1969754,-0.8784673,1.506763,-1.78567,2.980222,-1.050722,-0.2804238
-3.798384,4.462188,1.337243,-0.02164599,-6.087909,-0.4683764,0.2699479,-1.858285
-6.812034,2.577758,1.008726,0.357237,-6.463341,1.599402,0.1754402,-0.9459711
-2.835284,4.17926,-2.362896,-0.2380076,-4.923807,-3.647808,1.888989,-0.2253703
0.3997567,4.817548,0.701982,-0.2160869,-6.33646,-5.407662,0.3332337,-0.3481623
-2.78566,3.840387,-1.685758,-0.4039536,-6.931112,-1.672926,2.101957,-0.06018413
-3.885835,2.466436,-0.0250641,1.932089,-4.890464,0.7732549,-1.366631,0.09485968
-3.015301,3.054409,4.556977e-06,1.41043,-5.14617,1.268422,0.5107858,-3.317423
-1.728306,4.684111,1.568799,0.9903937,-6.178423,-1.835836,-1.810042,-1.284998
-1.408417,4.166375,0.9162036,1.687971,-5.086493,-0.8026491,-1.933684,-1.228425
-1.658661,6.965679,0.8199033,0.6993983,-6.891212,-2.901781,-2.538811,-1.176398
0.6255404,4.875823,0.7044932,-2.793185,-6.802001,-2.962152,0.2148049,3.298687
-2.502998,4.824235,1.263637,-0.6644812,-6.421868,-2.41035,-0.7011756,1.253036
-2.488478,4.426261,0.9008526,-0.7859934,-5.514008,-2.368243,-1.413302,0.5065459
-0.1648116,5.264032,1.221289,-1.285676,-5.222277,-3.577734,0.5184035,0.5690865
-1.030234,6.053911,2.166112,-0.6333173,-6.580602,-1.756895,1.030585,1.113706
-1.256479,5.711343,0.9196644,-1.815943,-6.114405,-2.53477,-0.1211164,1.85058
-5.364328,3.027359,0.0004932609,0.110813,-5.938077,0.2263728,0.7239532,-0.1422179
-0.133361,6.363305,1.232069,-1.942694,-6.186386,-2.045278,-0.6770579,1.717612
-2.469258,4.358804,0.7717752,-0.3583871,-6.938751,-1.388166,-0.1903849,1.684864
0.03951351,7.22678,1.81198,-1.579641,-8.644479,-2.611915,-1.867661,1.630849
-4.962165,2.937163,0.7265017,-1.019317,-6.334743,0.4138583,0.6393875,0.630527
-3.701402,1.470777,-1.834067,1.236595,-2.483202,-0.01801416,1.818529,-2.185011
-3.575641,2.341652,-3.554586,1.86667,-2.323304,-1.736878,2.719712,-2.751673
0.8684971,4.994088,-0.7088349,-1.381137,-5.463976,-5.230631,0.2213162,1.003482
-4.64522,2.818937,-1.076691,1.115327,-3.485189,0.07450335,0.2523744,-3.338306
-6.46436,3.024802,-1.972152,0.435305,-3.635478,-0.03682106,3.348622,-1.197965
-2.046752,4.521947,-0.3774787,1.080596,-4.711551,-2.638924,-1.179274,-2.302939
-2.835417,4.179675,-1.984215,0.9068432,-5.049014,-2.654785,1.194519,-1.651468
-4.501791,0.4411999,-1.262804,2.181254,-0.4583589,2.17619,-0.2031529,-2.736785
-4.528115,0.3707903,-2.39896,1.172887,-1.920079,0.7566948,1.645648,-2.610874
-7.139105,0.7580294,-2.536124,-0.1298278,-3.372666,1.555488,2.90896,-0.04234313
-7.211301,2.570459,-3.405801,1.208841,-3.887451,-0.5139218,3.559164,-1.523605
-10.68432,-3.377317,0.9938763,-1.554946,-1.215004,8.140796,-0.4757337,0.8256044
-11.68055,-2.680459,-0.05963229,-1.353482,-1.649972,5.563575,1.408197,1.958736
-13.69911,-3.90463,2.099291,-0.5534546,-2.307353,8.633371,-0.2121841,0.8389407
-11.02513,-2.045512,-0.06125199,-0.2970861,-1.42943,4.043763,2.62261,-0.259369
-11.89614,-3.791915,1.283326,0.2160506,-1.893871,6.381554,1.770221,0.9014816
-12.66288,-4.794729,2.673979,-0.3608175,-0.4171413,8.460391,-0.9328828,-0.1216035
-11.1462,-4.697592,2.124104,-1.37514,-1.104157,7.444354,-2.078802,0.6560351
-10.43746,-1.989411,1.09959,0.4315826,-1.867407,6.799883,-1.390972,-1.233689
-12.50113,-3.639306,1.398946,-0.8262743,-2.899981,8.174337,-0.5213615,0.2788647
-10.01765,-3.141719,1.315991,0.366877,-2.234353,5.447158,0.9789607,-1.140886
-8.34164,-2.332275,0.6224211,-0.2435151,-2.728149,3.920445,0.7973148,-0.7588061
-11.25458,-5.090013,2.659737,0.2077792,-1.424698,7.683035,-0.2796806,-1.273862
